{"inputUnits":[34],"outputUnits":2,"inputs":{"0":{"dtype":"number","min":281.03200400385873,"max":369.3079871982916},"1":{"dtype":"number","min":1.586968685402482,"max":127.54718112574477},"2":{"dtype":"number","min":290.3606405889014,"max":378.4268710956499},"3":{"dtype":"number","min":-10.077734921229023,"max":112.27090501599739},"4":{"dtype":"number","min":267.7158483364239,"max":357.3423401947615},"5":{"dtype":"number","min":-3.3368757077228253,"max":115.14991789940265},"6":{"dtype":"number","min":301.8810405805417,"max":394.41823877713097},"7":{"dtype":"number","min":-1.6758650842807583,"max":108.85161641042984},"8":{"dtype":"number","min":253.97031910224646,"max":342.7047290134059},"9":{"dtype":"number","min":0.793684725631536,"max":111.72225120930358},"10":{"dtype":"number","min":282.2313523941931,"max":411.909850599237},"11":{"dtype":"number","min":37.73776755722581,"max":165.14624154057483},"12":{"dtype":"number","min":232.0979208148407,"max":331.92887955602504},"13":{"dtype":"number","min":39.704265891346026,"max":158.58293080608206},"14":{"dtype":"number","min":244.51786145162026,"max":440.65244860222367},"15":{"dtype":"number","min":62.67500940463887,"max":233.2855188985743},"16":{"dtype":"number","min":186.14643141453368,"max":329.84782653096124},"17":{"dtype":"number","min":77.83091341011254,"max":232.6482299329706},"18":{"dtype":"number","min":241.09466523048016,"max":435.6284459926739},"19":{"dtype":"number","min":16.645449627234314,"max":284.34450082741824},"20":{"dtype":"number","min":158.4656336149817,"max":327.8038755186801},"21":{"dtype":"number","min":53.278850154654066,"max":254.45547853462426},"22":{"dtype":"number","min":306.42392882113325,"max":391.24202268132905},"23":{"dtype":"number","min":185.93883232383877,"max":291.6184481015929},"24":{"dtype":"number","min":251.2665293652724,"max":330.1134387064537},"25":{"dtype":"number","min":187.21988900626218,"max":285.31823896712365},"26":{"dtype":"number","min":296.5232914431086,"max":450.343392813716},"27":{"dtype":"number","min":295.773381927134,"max":329.29263341287697},"28":{"dtype":"number","min":186.7958514143057,"max":350.05956746260944},"29":{"dtype":"number","min":299.11455325115514,"max":337.5857223332624},"30":{"dtype":"number","min":361.18834172705266,"max":447.69354022430537},"31":{"dtype":"number","min":382.9681586477079,"max":491.3052178171358},"32":{"dtype":"number","min":211.5915261353964,"max":364.07454316254257},"33":{"dtype":"number","min":439.3264794256901,"max":478.56464712536285}},"outputs":{"0":{"dtype":"string","min":0,"max":1,"uniqueValues":["s","n"],"legend":{"s":[1,0],"n":[0,1]}}},"isNormalized":true}