{"inputUnits":[34],"outputUnits":2,"inputs":{"0":{"dtype":"number","min":317.38969676689413,"max":377.67607336378285},"1":{"dtype":"number","min":35.52866241811314,"max":223.6282681120045},"2":{"dtype":"number","min":327.9875420596349,"max":384.5079438324568},"3":{"dtype":"number","min":28.13763451483463,"max":213.2108517657922},"4":{"dtype":"number","min":307.23688622856884,"max":366.8859061749529},"5":{"dtype":"number","min":28.080161721789878,"max":213.0003707232642},"6":{"dtype":"number","min":339.6259174272708,"max":398.4317675267676},"7":{"dtype":"number","min":34.666461573500584,"max":216.3079062139014},"8":{"dtype":"number","min":291.6844848157831,"max":351.45138276690176},"9":{"dtype":"number","min":33.272363091257304,"max":215.27091653430506},"10":{"dtype":"number","min":355.55443225667636,"max":417.32948392281736},"11":{"dtype":"number","min":94.42275229131201,"max":267.89622978477627},"12":{"dtype":"number","min":270.9002632111427,"max":331.4244821748845},"13":{"dtype":"number","min":94.74354072303623,"max":270.90050901420386},"14":{"dtype":"number","min":374.7774116723918,"max":429.04099995060193},"15":{"dtype":"number","min":139.99010731737903,"max":340.78434450617095},"16":{"dtype":"number","min":244.26933140142418,"max":311.5326521461576},"17":{"dtype":"number","min":152.49192174770488,"max":350.28792384997416},"18":{"dtype":"number","min":357.38419440006004,"max":454.5883428076362},"19":{"dtype":"number","min":94.94326817850194,"max":369.09288458323203},"20":{"dtype":"number","min":205.4563511948641,"max":352.48704487247693},"21":{"dtype":"number","min":111.35384051252433,"max":377.2538074537938},"22":{"dtype":"number","min":346.18599264538244,"max":396.239288567569},"23":{"dtype":"number","min":238.04085779746686,"max":384.61799948131994},"24":{"dtype":"number","min":287.54377550652055,"max":338.7039243943033},"25":{"dtype":"number","min":234.98313072590514,"max":396.70324273610396},"26":{"dtype":"number","min":357.66544215873984,"max":464.48808365758754},"27":{"dtype":"number","min":337.0029790856031,"max":376.8930540567242},"28":{"dtype":"number","min":220.1577450050918,"max":341.39542516567366},"29":{"dtype":"number","min":333.47326612658077,"max":447.7367255659883},"30":{"dtype":"number","min":352.4283620633968,"max":433.4445511042376},"31":{"dtype":"number","min":424.8144851862689,"max":486.65857456073684},"32":{"dtype":"number","min":244.56809908499514,"max":340.63767488828427},"33":{"dtype":"number","min":412.9196915088461,"max":559.0261977377569}},"outputs":{"0":{"dtype":"string","min":0,"max":1,"uniqueValues":["n","s"],"legend":{"n":[1,0],"s":[0,1]}}},"isNormalized":true}